[
  {
    "Id": 2,
    "FirstName": "Gery",
    "LastName": "Sparkes",
    "Email": "gsparkes1@geocities.jp",
    "Gender": "Male",
    "Status": "false"
  },
  {
    "Id": 3,
    "FirstName": "Lia",
    "LastName": "Cremin",
    "Email": "lcremin2@theglobeandmail.com",
    "Gender": "Female",
    "Status": "false"
  },
  {
    "Id": 4,
    "FirstName": "Rosita",
    "LastName": "Barkworth",
    "Email": "rbarkworth3@mediafire.com",
    "Gender": "Female",
    "Status": "true"
  },
  {
    "Id": 5,
    "FirstName": "Killy",
    "LastName": "Ghelarducci",
    "Email": "kghelarducci4@marketwatch.com",
    "Gender": "Male",
    "Status": "true"
  },
  {
    "Id": 6,
    "FirstName": "Zachariah",
    "LastName": "Keirle",
    "Email": "zkeirle5@people.com.cn",
    "Gender": "Male",
    "Status": "true"
  },
  {
    "Id": 9,
    "FirstName": "Tom",
    "LastName": "Harry",
    "Email": "tom.harry@test.com",
    "Gender": "Male",
    "Status": "true"
  },
  {
    "Id": 10,
    "FirstName": "TestLakshmi",
    "LastName": "TestPalni",
    "Email": "testlak@sdf.ccom",
    "Gender": "Male",
    "Status": "true"
  }
]